time_step,action,reward,cumulative_reward,done,collect_coal,collect_diamond,collect_drink,collect_iron,collect_sapling,collect_stone,collect_wood,defeat_skeleton,defeat_zombie,eat_cow,eat_plant,make_iron_pickaxe,make_iron_sword,make_stone_pickaxe,make_stone_sword,make_wood_pickaxe,make_wood_sword,place_furnace,place_plant,place_stone,place_table,wake_up,health,food,drink,energy,sapling,wood,stone,coal,iron,diamond,wood_pickaxe,stone_pickaxe,iron_pickaxe,wood_sword,stone_sword,iron_sword,logit,action_probability,value_estimate,exploration_bonus,world_model_score
0,14,0.0,0.0,False,0,0,0,0,0,0,0,0,0,0,0,0,0,0,0,0,0,0,0,0,0,0,9,9,9,9,0,0,0,0,0,0,0,0,0,0,0,0,,0.058140672743320465,0.05430864542722702,2.8332021236419678,0.27480548620224
1,5,0.0,0.0,False,0,0,0,0,0,0,0,0,0,0,0,0,0,0,0,0,0,0,0,0,0,0,9,9,9,9,0,0,0,0,0,0,0,0,0,0,0,0,,0.058822471648454666,0.030919736251235008,2.8332037925720215,0.27608591318130493
2,1,0.0,0.0,False,0,0,0,0,0,0,0,0,0,0,0,0,0,0,0,0,0,0,0,0,0,0,9,9,9,9,0,0,0,0,0,0,0,0,0,0,0,0,,0.05991416424512863,0.01713748835027218,2.8331656455993652,0.27738553285598755
3,12,0.0,0.0,False,0,0,0,0,0,0,0,0,0,0,0,0,0,0,0,0,0,0,0,0,0,0,9,9,9,9,0,0,0,0,0,0,0,0,0,0,0,0,,0.05915860831737518,0.031477220356464386,2.8331894874572754,0.27878791093826294
4,12,0.0,0.0,False,0,0,0,0,0,0,0,0,0,0,0,0,0,0,0,0,0,0,0,0,0,0,9,9,9,9,0,0,0,0,0,0,0,0,0,0,0,0,,0.057892315089702606,0.020480193197727203,2.8331832885742188,0.27948451042175293
5,6,0.0,0.0,False,0,0,0,0,0,0,0,0,0,0,0,0,0,0,0,0,0,0,0,0,0,0,9,9,9,9,0,0,0,0,0,0,0,0,0,0,0,0,,0.05886881425976753,0.009776376187801361,2.8331778049468994,0.28081461787223816
6,15,0.0,0.0,False,0,0,0,0,0,0,0,0,0,0,0,0,0,0,0,0,0,0,0,0,0,0,9,9,9,9,0,0,0,0,0,0,0,0,0,0,0,0,,0.05861584097146988,-0.005141740664839745,2.8331329822540283,0.2818247377872467
7,5,1.0,1.0,False,0,0,0,0,1,0,0,0,0,0,0,0,0,0,0,0,0,0,0,0,0,0,9,9,9,9,1,0,0,0,0,0,0,0,0,0,0,0,,0.05913614109158516,-0.012421569786965847,2.8331940174102783,0.2824566960334778
8,4,0.0,1.0,False,0,0,0,0,1,0,0,0,0,0,0,0,0,0,0,0,0,0,0,0,0,0,9,9,9,9,1,0,0,0,0,0,0,0,0,0,0,0,,0.05925382301211357,-0.02275223098695278,2.833160877227783,0.28489530086517334
9,7,0.0,1.0,False,0,0,0,0,1,0,0,0,0,0,0,0,0,0,0,0,0,0,0,0,0,0,9,9,9,9,1,0,0,0,0,0,0,0,0,0,0,0,,0.05835619196295738,0.0337713286280632,2.833184003829956,0.28601711988449097
10,1,0.0,1.0,False,0,0,0,0,1,0,0,0,0,0,0,0,0,0,0,0,0,0,0,0,0,0,9,9,9,9,1,0,0,0,0,0,0,0,0,0,0,0,,0.058491695672273636,-0.030963586643338203,2.833195686340332,0.28639572858810425
11,10,1.0,2.0,False,0,0,0,0,1,0,0,0,0,0,0,0,0,0,0,0,0,0,1,0,0,0,9,9,9,9,0,0,0,0,0,0,0,0,0,0,0,0,,0.058803923428058624,-0.03851722180843353,2.8331594467163086,0.2868446409702301
12,13,0.0,2.0,False,0,0,0,0,1,0,0,0,0,0,0,0,0,0,0,0,0,0,1,0,0,0,9,9,9,9,0,0,0,0,0,0,0,0,0,0,0,0,,0.05962717905640602,-0.0016611674800515175,2.833144426345825,0.284723699092865
13,15,0.0,2.0,False,0,0,0,0,1,0,0,0,0,0,0,0,0,0,0,0,0,0,1,0,0,0,9,9,9,9,0,0,0,0,0,0,0,0,0,0,0,0,,0.05930376052856445,0.013706251047551632,2.8331758975982666,0.28506773710250854
14,4,0.0,2.0,False,0,0,0,0,1,0,0,0,0,0,0,0,0,0,0,0,0,0,1,0,0,0,9,9,9,9,0,0,0,0,0,0,0,0,0,0,0,0,,0.05888429284095764,-0.015510573983192444,2.83319091796875,0.2860583961009979
15,1,0.0,2.0,False,0,0,0,0,1,0,0,0,0,0,0,0,0,0,0,0,0,0,1,0,0,0,9,9,9,9,0,0,0,0,0,0,0,0,0,0,0,0,,0.05876960977911949,-0.03931061923503876,2.8331494331359863,0.2876041531562805
16,12,0.0,2.0,False,0,0,0,0,1,0,0,0,0,0,0,0,0,0,0,0,0,0,1,0,0,0,9,9,9,9,0,0,0,0,0,0,0,0,0,0,0,0,,0.05964190512895584,-0.010053372010588646,2.8331735134124756,0.2872745096683502
17,12,0.0,2.0,False,0,0,0,0,1,0,0,0,0,0,0,0,0,0,0,0,0,0,1,0,0,0,9,9,9,9,0,0,0,0,0,0,0,0,0,0,0,0,,0.058700039982795715,-0.004398807883262634,2.833174228668213,0.2873963713645935
18,1,0.0,2.0,False,0,0,0,0,1,0,0,0,0,0,0,0,0,0,0,0,0,0,1,0,0,0,9,9,9,9,0,0,0,0,0,0,0,0,0,0,0,0,,0.05844589322805405,-0.03975463658571243,2.833207368850708,0.28651535511016846
19,1,0.0,2.0,False,0,0,0,0,1,0,0,0,0,0,0,0,0,0,0,0,0,0,1,0,0,0,9,9,9,9,0,0,0,0,0,0,0,0,0,0,0,0,,0.0573933906853199,-0.027605462819337845,2.833160161972046,0.29412394762039185
20,10,0.0,2.0,False,0,0,0,0,1,0,0,0,0,0,0,0,0,0,0,0,0,0,1,0,0,0,9,9,8,9,0,0,0,0,0,0,0,0,0,0,0,0,,0.057789646089076996,-0.008477325551211834,2.833188056945801,0.30454784631729126
21,11,0.0,2.0,False,0,0,0,0,1,0,0,0,0,0,0,0,0,0,0,0,0,0,1,0,0,0,9,9,8,9,0,0,0,0,0,0,0,0,0,0,0,0,,0.05840425565838814,-0.006517295725643635,2.8331916332244873,0.30451589822769165
22,16,0.0,2.0,False,0,0,0,0,1,0,0,0,0,0,0,0,0,0,0,0,0,0,1,0,0,0,9,9,8,9,0,0,0,0,0,0,0,0,0,0,0,0,,0.05857663229107857,-0.04711325466632843,2.8331992626190186,0.30400508642196655
23,13,0.0,2.0,False,0,0,0,0,1,0,0,0,0,0,0,0,0,0,0,0,0,0,1,0,0,0,9,9,8,9,0,0,0,0,0,0,0,0,0,0,0,0,,0.05784538760781288,-0.026405876502394676,2.8331384658813477,0.305070161819458
24,3,0.0,2.0,False,0,0,0,0,1,0,0,0,0,0,0,0,0,0,0,0,0,0,1,0,0,0,9,9,8,9,0,0,0,0,0,0,0,0,0,0,0,0,,0.05879512056708336,-0.028588946908712387,2.833178758621216,0.3044355809688568
25,10,0.0,2.0,False,0,0,0,0,1,0,0,0,0,0,0,0,0,0,0,0,0,0,1,0,0,0,9,8,8,9,0,0,0,0,0,0,0,0,0,0,0,0,,0.05909527838230133,-0.02436557039618492,2.8331830501556396,0.29939067363739014
26,12,0.0,2.0,False,0,0,0,0,1,0,0,0,0,0,0,0,0,0,0,0,0,0,1,0,0,0,9,8,8,9,0,0,0,0,0,0,0,0,0,0,0,0,,0.05942147970199585,-0.030688894912600517,2.833191156387329,0.2984863519668579
27,14,0.0,2.0,False,0,0,0,0,1,0,0,0,0,0,0,0,0,0,0,0,0,0,1,0,0,0,9,8,8,9,0,0,0,0,0,0,0,0,0,0,0,0,,0.057904139161109924,-0.030574725940823555,2.8332018852233887,0.29858577251434326
28,7,0.0,2.0,False,0,0,0,0,1,0,0,0,0,0,0,0,0,0,0,0,0,0,1,0,0,0,9,8,8,9,0,0,0,0,0,0,0,0,0,0,0,0,,0.058412086218595505,-0.03268788009881973,2.83319091796875,0.29874753952026367
29,7,0.0,2.0,False,0,0,0,0,1,0,0,0,0,0,0,0,0,0,0,0,0,0,1,0,0,0,9,8,8,9,0,0,0,0,0,0,0,0,0,0,0,0,,0.05852054804563522,-0.029610760509967804,2.833127021789551,0.2993450164794922
30,12,0.0,2.0,False,0,0,0,0,1,0,0,0,0,0,0,0,0,0,0,0,0,0,1,0,0,0,9,8,8,8,0,0,0,0,0,0,0,0,0,0,0,0,,0.05925639718770981,-0.02798772044479847,2.833153247833252,0.3007153868675232
31,4,0.0,2.0,False,0,0,0,0,1,0,0,0,0,0,0,0,0,0,0,0,0,0,1,0,0,0,9,8,8,8,0,0,0,0,0,0,0,0,0,0,0,0,,0.05874417722225189,-0.04504025727510452,2.833195924758911,0.30267831683158875
32,14,0.0,2.0,False,0,0,0,0,1,0,0,0,0,0,0,0,0,0,0,0,0,0,1,0,0,0,9,8,8,8,0,0,0,0,0,0,0,0,0,0,0,0,,0.05939354747533798,-0.010042428970336914,2.83319091796875,0.3071545362472534
33,6,0.0,2.0,False,0,0,0,0,1,0,0,0,0,0,0,0,0,0,0,0,0,0,1,0,0,0,9,8,8,8,0,0,0,0,0,0,0,0,0,0,0,0,,0.05908815562725067,-0.007124291732907295,2.8332033157348633,0.30755358934402466
34,4,0.0,2.0,False,0,0,0,0,1,0,0,0,0,0,0,0,0,0,0,0,0,0,1,0,0,0,9,8,8,8,0,0,0,0,0,0,0,0,0,0,0,0,,0.059331148862838745,-0.02065582573413849,2.833195209503174,0.25844329595565796
35,2,0.0,2.0,False,0,0,0,0,1,0,0,0,0,0,0,0,0,0,0,0,0,0,1,0,0,0,9,8,8,8,0,0,0,0,0,0,0,0,0,0,0,0,,0.058759719133377075,-0.014400354586541653,2.8331806659698486,0.25846195220947266
36,10,0.0,2.0,False,0,0,0,0,1,0,0,0,0,0,0,0,0,0,0,0,0,0,1,0,0,0,9,8,8,8,0,0,0,0,0,0,0,0,0,0,0,0,,0.05840591341257095,-0.05379943549633026,2.8331615924835205,0.25847965478897095
37,0,0.0,2.0,False,0,0,0,0,1,0,0,0,0,0,0,0,0,0,0,0,0,0,1,0,0,0,9,8,8,8,0,0,0,0,0,0,0,0,0,0,0,0,,0.058487921953201294,-0.02664494700729847,2.8331825733184814,0.25785115361213684
38,0,0.0,2.0,False,0,0,0,0,1,0,0,0,0,0,0,0,0,0,0,0,0,0,1,0,0,0,9,8,8,8,0,0,0,0,0,0,0,0,0,0,0,0,,0.058756519109010696,-0.02862871252000332,2.833188056945801,0.2577655613422394
39,11,0.0,2.0,False,0,0,0,0,1,0,0,0,0,0,0,0,0,0,0,0,0,0,1,0,0,0,9,8,8,8,0,0,0,0,0,0,0,0,0,0,0,0,,0.058118268847465515,-0.024903614073991776,2.833143711090088,0.2579064667224884
40,4,0.0,2.0,False,0,0,0,0,1,0,0,0,0,0,0,0,0,0,0,0,0,0,1,0,0,0,9,8,8,8,0,0,0,0,0,0,0,0,0,0,0,0,,0.05880162864923477,-0.006432117894291878,2.8331856727600098,0.25856611132621765
41,15,0.0,2.0,False,0,0,0,0,1,0,0,0,0,0,0,0,0,0,0,0,0,0,1,0,0,0,9,8,8,8,0,0,0,0,0,0,0,0,0,0,0,0,,0.05847228318452835,0.003081774339079857,2.8332016468048096,0.25883543491363525
42,12,0.0,2.0,False,0,0,0,0,1,0,0,0,0,0,0,0,0,0,0,0,0,0,1,0,0,0,9,8,8,8,0,0,0,0,0,0,0,0,0,0,0,0,,0.059069376438856125,0.024894583970308304,2.8331854343414307,0.25883543491363525
43,4,0.0,2.0,False,0,0,0,0,1,0,0,0,0,0,0,0,0,0,0,0,0,0,1,0,0,0,9,8,8,8,0,0,0,0,0,0,0,0,0,0,0,0,,0.058965422213077545,-0.029281528666615486,2.8331832885742188,0.2588456869125366
44,1,0.0,2.0,False,0,0,0,0,1,0,0,0,0,0,0,0,0,0,0,0,0,0,1,0,0,0,9,8,8,9,0,0,0,0,0,0,0,0,0,0,0,0,,0.058047886937856674,-0.028144774958491325,2.8331644535064697,0.2588387131690979
45,7,1.0,3.0,False,0,0,0,0,1,0,0,0,0,0,0,0,0,0,0,0,0,0,1,0,0,1,9,8,8,9,0,0,0,0,0,0,0,0,0,0,0,0,,0.05872883275151253,-0.037443771958351135,2.8332033157348633,0.25748851895332336
46,10,0.0,3.0,False,0,0,0,0,1,0,0,0,0,0,0,0,0,0,0,0,0,0,1,0,0,1,9,8,8,9,0,0,0,0,0,0,0,0,0,0,0,0,,0.05956559628248215,-0.041383594274520874,2.8331656455993652,0.3076145350933075
47,2,0.0,3.0,False,0,0,0,0,1,0,0,0,0,0,0,0,0,0,0,0,0,0,1,0,0,1,9,8,7,9,0,0,0,0,0,0,0,0,0,0,0,0,,0.05951036885380745,-0.030322453007102013,2.8331844806671143,0.30815184116363525
48,0,0.0,3.0,False,0,0,0,0,1,0,0,0,0,0,0,0,0,0,0,0,0,0,1,0,0,1,9,8,7,9,0,0,0,0,0,0,0,0,0,0,0,0,,0.058568041771650314,-0.01534067839384079,2.833183526992798,0.299022912979126
49,9,0.0,3.0,False,0,0,0,0,1,0,0,0,0,0,0,0,0,0,0,0,0,0,1,0,0,1,9,8,7,9,0,0,0,0,0,0,0,0,0,0,0,0,,0.0588003508746624,-0.027039891108870506,2.833192825317383,0.299022912979126
50,1,0.0,3.0,False,0,0,0,0,1,0,0,0,0,0,0,0,0,0,0,0,0,0,1,0,0,1,9,8,7,9,0,0,0,0,0,0,0,0,0,0,0,0,,0.05895991995930672,-0.04600615054368973,2.833148956298828,0.30019667744636536
51,7,0.0,3.0,False,0,0,0,0,1,0,0,0,0,0,0,0,0,0,0,0,0,0,1,0,0,1,9,8,7,9,0,0,0,0,0,0,0,0,0,0,0,0,,0.059487234801054,-0.03450402617454529,2.8331634998321533,0.3093287944793701
52,0,0.0,3.0,False,0,0,0,0,1,0,0,0,0,0,0,0,0,0,0,0,0,0,1,0,0,1,9,8,7,9,0,0,0,0,0,0,0,0,0,0,0,0,,0.05757761746644974,-0.03233005106449127,2.8331682682037354,0.3091353178024292
53,0,0.0,3.0,False,0,0,0,0,1,0,0,0,0,0,0,0,0,0,0,0,0,0,1,0,0,1,9,8,7,9,0,0,0,0,0,0,0,0,0,0,0,0,,0.058413315564394,-0.027351828292012215,2.8331799507141113,0.3093287944793701
54,8,0.0,3.0,False,0,0,0,0,1,0,0,0,0,0,0,0,0,0,0,0,0,0,1,0,0,1,9,8,7,9,0,0,0,0,0,0,0,0,0,0,0,0,,0.058497436344623566,-0.01845017448067665,2.8332064151763916,0.3093287944793701
55,10,0.0,3.0,False,0,0,0,0,1,0,0,0,0,0,0,0,0,0,0,0,0,0,1,0,0,1,9,8,7,9,0,0,0,0,0,0,0,0,0,0,0,0,,0.058522436767816544,-0.03873687982559204,2.8331973552703857,0.3088439404964447
56,7,0.0,3.0,False,0,0,0,0,1,0,0,0,0,0,0,0,0,0,0,0,0,0,1,0,0,1,9,8,7,9,0,0,0,0,0,0,0,0,0,0,0,0,,0.058261316269636154,-0.017608508467674255,2.8331491947174072,0.30865517258644104
57,3,0.0,3.0,False,0,0,0,0,1,0,0,0,0,0,0,0,0,0,0,0,0,0,1,0,0,1,9,7,7,9,0,0,0,0,0,0,0,0,0,0,0,0,,0.0584087148308754,-0.01881426014006138,2.8331778049468994,0.30922988057136536
58,14,0.0,3.0,False,0,0,0,0,1,0,0,0,0,0,0,0,0,0,0,0,0,0,1,0,0,1,9,7,7,9,0,0,0,0,0,0,0,0,0,0,0,0,,0.058145441114902496,-0.004233734682202339,2.8331682682037354,0.30316317081451416
59,5,0.0,3.0,False,0,0,0,0,1,0,0,0,0,0,0,0,0,0,0,0,0,0,1,0,0,1,9,7,7,9,0,0,0,0,0,0,0,0,0,0,0,0,,0.059366386383771896,-0.014189017936587334,2.833181619644165,0.30316317081451416
60,4,0.0,3.0,False,0,0,0,0,1,0,0,0,0,0,0,0,0,0,0,0,0,0,1,0,0,1,9,7,7,9,0,0,0,0,0,0,0,0,0,0,0,0,,0.05929180607199669,-0.025747569277882576,2.833184003829956,0.30381083488464355
61,1,0.0,3.0,False,0,0,0,0,1,0,0,0,0,0,0,0,0,0,0,0,0,0,1,0,0,1,9,7,7,9,0,0,0,0,0,0,0,0,0,0,0,0,,0.058529652655124664,-0.03529174625873566,2.8331689834594727,0.30893224477767944
62,11,0.0,3.0,False,0,0,0,0,1,0,0,0,0,0,0,0,0,0,0,0,0,0,1,0,0,1,9,7,7,9,0,0,0,0,0,0,0,0,0,0,0,0,,0.058727629482746124,-0.029948731884360313,2.833171844482422,0.3332758843898773
63,2,0.0,3.0,False,0,0,0,0,1,0,0,0,0,0,0,0,0,0,0,0,0,0,1,0,0,1,9,7,7,9,0,0,0,0,0,0,0,0,0,0,0,0,,0.05904107540845871,-0.04299119859933853,2.8331856727600098,0.3332758843898773
64,6,0.0,3.0,False,0,0,0,0,1,0,0,0,0,0,0,0,0,0,0,0,0,0,1,0,0,1,9,7,7,9,0,0,0,0,0,0,0,0,0,0,0,0,,0.05942852795124054,-0.04115326702594757,2.833179473876953,0.3092343211174011
65,15,0.0,3.0,False,0,0,0,0,1,0,0,0,0,0,0,0,0,0,0,0,0,0,1,0,0,1,9,7,7,9,0,0,0,0,0,0,0,0,0,0,0,0,,0.05818171426653862,-0.02052449993789196,2.833172559738159,0.3092343211174011
66,8,0.0,3.0,False,0,0,0,0,1,0,0,0,0,0,0,0,0,0,0,0,0,0,1,0,0,1,9,7,7,9,0,0,0,0,0,0,0,0,0,0,0,0,,0.05795258283615112,-0.04552261531352997,2.833186149597168,0.3092343211174011
67,15,0.0,3.0,False,0,0,0,0,1,0,0,0,0,0,0,0,0,0,0,0,0,0,1,0,0,1,9,7,7,9,0,0,0,0,0,0,0,0,0,0,0,0,,0.05836401507258415,-0.012600578367710114,2.833162307739258,0.3084123730659485
68,13,0.0,3.0,False,0,0,0,0,1,0,0,0,0,0,0,0,0,0,0,0,0,0,1,0,0,1,9,7,6,9,0,0,0,0,0,0,0,0,0,0,0,0,,0.05792257562279701,0.00026846490800380707,2.8331689834594727,0.30861616134643555
69,11,0.0,3.0,False,0,0,0,0,1,0,0,0,0,0,0,0,0,0,0,0,0,0,1,0,0,1,9,7,6,9,0,0,0,0,0,0,0,0,0,0,0,0,,0.058576732873916626,-0.02108890376985073,2.8331987857818604,0.3080030679702759
70,10,0.0,3.0,False,0,0,0,0,1,0,0,0,0,0,0,0,0,0,0,0,0,0,1,0,0,1,9,7,6,9,0,0,0,0,0,0,0,0,0,0,0,0,,0.058901265263557434,-0.03231591731309891,2.8331897258758545,0.3083672821521759
71,15,0.0,3.0,False,0,0,0,0,1,0,0,0,0,0,0,0,0,0,0,0,0,0,1,0,0,1,9,7,6,9,0,0,0,0,0,0,0,0,0,0,0,0,,0.058185357600450516,-0.025379663333296776,2.8331732749938965,0.30819272994995117
72,1,0.0,3.0,False,0,0,0,0,1,0,0,0,0,0,0,0,0,0,0,0,0,0,1,0,0,1,9,7,6,9,0,0,0,0,0,0,0,0,0,0,0,0,,0.0587506927549839,-0.004659559577703476,2.8331732749938965,0.3076254725456238
73,4,0.0,3.0,False,0,0,0,0,1,0,0,0,0,0,0,0,0,0,0,0,0,0,1,0,0,1,9,7,6,9,0,0,0,0,0,0,0,0,0,0,0,0,,0.059138089418411255,-0.02208290994167328,2.8331727981567383,0.33290791511535645
74,0,0.0,3.0,False,0,0,0,0,1,0,0,0,0,0,0,0,0,0,0,0,0,0,1,0,0,1,9,7,6,9,0,0,0,0,0,0,0,0,0,0,0,0,,0.05832532420754433,-0.05959396809339523,2.83319354057312,0.332569420337677
75,2,0.0,3.0,False,0,0,0,0,1,0,0,0,0,0,0,0,0,0,0,0,0,0,1,0,0,1,9,7,6,8,0,0,0,0,0,0,0,0,0,0,0,0,,0.058394040912389755,-0.04035342484712601,2.8331737518310547,0.332569420337677
76,4,0.0,3.0,False,0,0,0,0,1,0,0,0,0,0,0,0,0,0,0,0,0,0,1,0,0,1,9,7,6,8,0,0,0,0,0,0,0,0,0,0,0,0,,0.05893868952989578,-0.012494679540395737,2.833127021789551,0.3102242648601532
77,14,0.0,3.0,False,0,0,0,0,1,0,0,0,0,0,0,0,0,0,0,0,0,0,1,0,0,1,9,7,6,8,0,0,0,0,0,0,0,0,0,0,0,0,,0.05843789875507355,-0.022539790719747543,2.8331828117370605,0.30449312925338745
78,7,0.0,3.0,False,0,0,0,0,1,0,0,0,0,0,0,0,0,0,0,0,0,0,1,0,0,1,9,7,6,8,0,0,0,0,0,0,0,0,0,0,0,0,,0.05852913856506348,-0.045122504234313965,2.83319091796875,0.3047468066215515
79,5,0.0,3.0,False,0,0,0,0,1,0,0,0,0,0,0,0,0,0,0,0,0,0,1,0,0,1,9,7,6,8,0,0,0,0,0,0,0,0,0,0,0,0,,0.0582335889339447,-0.0403333455324173,2.833148956298828,0.3041159510612488
80,4,0.0,3.0,False,0,0,0,0,1,0,0,0,0,0,0,0,0,0,0,0,0,0,1,0,0,1,9,7,6,8,0,0,0,0,0,0,0,0,0,0,0,0,,0.058795951306819916,-0.0005326960235834122,2.833190441131592,0.3047422170639038
81,7,0.0,3.0,False,0,0,0,0,1,0,0,0,0,0,0,0,0,0,0,0,0,0,1,0,0,1,9,7,6,8,0,0,0,0,0,0,0,0,0,0,0,0,,0.058675024658441544,-0.03772124648094177,2.8331592082977295,0.30426502227783203
82,13,0.0,3.0,False,0,0,0,0,1,0,0,0,0,0,0,0,0,0,0,0,0,0,1,0,0,1,9,7,6,8,0,0,0,0,0,0,0,0,0,0,0,0,,0.0586002916097641,-0.023883895948529243,2.83319354057312,0.3037972152233124
83,10,0.0,3.0,False,0,0,0,0,1,0,0,0,0,0,0,0,0,0,0,0,0,0,1,0,0,1,9,6,6,8,0,0,0,0,0,0,0,0,0,0,0,0,,0.058076951652765274,-0.037661269307136536,2.8331849575042725,0.30352720618247986
84,4,0.0,3.0,False,0,0,0,0,1,0,0,0,0,0,0,0,0,0,0,0,0,0,1,0,0,1,9,6,6,8,0,0,0,0,0,0,0,0,0,0,0,0,,0.05866246297955513,-0.024916820228099823,2.8331849575042725,0.30341383814811707
85,15,0.0,3.0,False,0,0,0,0,1,0,0,0,0,0,0,0,0,0,0,0,0,0,1,0,0,1,9,6,6,8,0,0,0,0,0,0,0,0,0,0,0,0,,0.05923442170023918,-0.05127482861280441,2.8331758975982666,0.30267614126205444
86,13,0.0,3.0,False,0,0,0,0,1,0,0,0,0,0,0,0,0,0,0,0,0,0,1,0,0,1,9,6,6,8,0,0,0,0,0,0,0,0,0,0,0,0,,0.05835212394595146,-0.013989567756652832,2.833181381225586,0.30221980810165405
87,13,0.0,3.0,False,0,0,0,0,1,0,0,0,0,0,0,0,0,0,0,0,0,0,1,0,0,1,9,6,6,8,0,0,0,0,0,0,0,0,0,0,0,0,,0.05822370946407318,-0.022264549508690834,2.8331711292266846,0.3025001883506775
88,14,0.0,3.0,False,0,0,0,0,1,0,0,0,0,0,0,0,0,0,0,0,0,0,1,0,0,1,9,6,6,8,0,0,0,0,0,0,0,0,0,0,0,0,,0.05819031596183777,-0.041456691920757294,2.8331754207611084,0.301323264837265
89,7,0.0,3.0,False,0,0,0,0,1,0,0,0,0,0,0,0,0,0,0,0,0,0,1,0,0,1,9,6,5,8,0,0,0,0,0,0,0,0,0,0,0,0,,0.059634312987327576,-0.04162649065256119,2.833179473876953,0.30129534006118774
90,9,0.0,3.0,False,0,0,0,0,1,0,0,0,0,0,0,0,0,0,0,0,0,0,1,0,0,1,9,6,5,8,0,0,0,0,0,0,0,0,0,0,0,0,,0.058987393975257874,-0.025515800341963768,2.8331761360168457,0.30089879035949707
91,5,0.0,3.0,False,0,0,0,0,1,0,0,0,0,0,0,0,0,0,0,0,0,0,1,0,0,1,9,6,5,8,0,0,0,0,0,0,0,0,0,0,0,0,,0.05836917832493782,-0.035009048879146576,2.8331685066223145,0.3001694679260254
92,14,0.0,3.0,False,0,0,0,0,1,0,0,0,0,0,0,0,0,0,0,0,0,0,1,0,0,1,9,6,5,8,0,0,0,0,0,0,0,0,0,0,0,0,,0.058987345546483994,-0.025673111900687218,2.8331706523895264,0.29954224824905396
93,15,0.0,3.0,False,0,0,0,0,1,0,0,0,0,0,0,0,0,0,0,0,0,0,1,0,0,1,9,6,5,8,0,0,0,0,0,0,0,0,0,0,0,0,,0.058702290058135986,-0.05132676661014557,2.833116054534912,0.2998926639556885
94,1,0.0,3.0,False,0,0,0,0,1,0,0,0,0,0,0,0,0,0,0,0,0,0,1,0,0,1,9,6,5,8,0,0,0,0,0,0,0,0,0,0,0,0,,0.058633070439100266,-0.032662175595760345,2.8331961631774902,0.2977997660636902
95,4,0.0,3.0,False,0,0,0,0,1,0,0,0,0,0,0,0,0,0,0,0,0,0,1,0,0,1,9,6,5,8,0,0,0,0,0,0,0,0,0,0,0,0,,0.0591568760573864,-0.042722657322883606,2.8331830501556396,0.31077396869659424
96,5,1.0,4.0,False,0,0,0,0,1,0,1,0,0,0,0,0,0,0,0,0,0,0,1,0,0,1,9,6,5,8,0,1,0,0,0,0,0,0,0,0,0,0,,0.05894975736737251,-0.016632946208119392,2.8331942558288574,0.3109181523323059
97,1,0.0,4.0,False,0,0,0,0,1,0,1,0,0,0,0,0,0,0,0,0,0,0,1,0,0,1,9,6,5,8,0,1,0,0,0,0,0,0,0,0,0,0,,0.05919097736477852,-0.028683101758360863,2.8331656455993652,0.3151574730873108
98,13,0.0,4.0,False,0,0,0,0,1,0,1,0,0,0,0,0,0,0,0,0,0,0,1,0,0,1,9,6,5,8,0,1,0,0,0,0,0,0,0,0,0,0,,0.0590914785861969,-0.016821440309286118,2.8331871032714844,0.333083838224411
99,6,0.0,4.0,False,0,0,0,0,1,0,1,0,0,0,0,0,0,0,0,0,0,0,1,0,0,1,9,6,5,8,0,1,0,0,0,0,0,0,0,0,0,0,,0.05963480845093727,-0.036251865327358246,2.833159923553467,0.3330264091491699
100,3,0.0,4.0,False,0,0,0,0,1,0,1,0,0,0,0,0,0,0,0,0,0,0,1,0,0,1,9,6,5,8,0,1,0,0,0,0,0,0,0,0,0,0,,0.05849485844373703,-0.042744509875774384,2.833183765411377,0.2814120054244995
101,4,0.0,4.0,False,0,0,0,0,1,0,1,0,0,0,0,0,0,0,0,0,0,0,1,0,0,1,9,6,5,8,0,1,0,0,0,0,0,0,0,0,0,0,,0.05763145536184311,-0.03178439289331436,2.83317494392395,0.2813584506511688
102,2,0.0,4.0,False,0,0,0,0,1,0,1,0,0,0,0,0,0,0,0,0,0,0,1,0,0,1,9,6,5,8,0,1,0,0,0,0,0,0,0,0,0,0,,0.058625221252441406,-0.02537810243666172,2.833191394805908,0.2810491919517517
103,1,0.0,4.0,False,0,0,0,0,1,0,1,0,0,0,0,0,0,0,0,0,0,0,1,0,0,1,9,6,5,8,0,1,0,0,0,0,0,0,0,0,0,0,,0.058711566030979156,-0.05157354474067688,2.8331832885742188,0.27987271547317505
104,7,0.0,4.0,False,0,0,0,0,1,0,1,0,0,0,0,0,0,0,0,0,0,0,1,0,0,1,9,6,5,8,0,1,0,0,0,0,0,0,0,0,0,0,,0.05820407718420029,-0.02775675058364868,2.8332016468048096,0.27930232882499695
105,9,0.0,4.0,False,0,0,0,0,1,0,1,0,0,0,0,0,0,0,0,0,0,0,1,0,0,1,9,6,5,8,0,1,0,0,0,0,0,0,0,0,0,0,,0.05932364612817764,-0.020793095231056213,2.8331732749938965,0.2788832187652588
106,13,0.0,4.0,False,0,0,0,0,1,0,1,0,0,0,0,0,0,0,0,0,0,0,1,0,0,1,9,6,5,8,0,1,0,0,0,0,0,0,0,0,0,0,,0.05913088843226433,-0.01975073851644993,2.8331384658813477,0.27806735038757324
107,15,0.0,4.0,False,0,0,0,0,1,0,1,0,0,0,0,0,0,0,0,0,0,0,1,0,0,1,9,6,5,8,0,1,0,0,0,0,0,0,0,0,0,0,,0.05917063727974892,-0.01780645363032818,2.8332009315490723,0.2780545949935913
108,13,0.0,4.0,False,0,0,0,0,1,0,1,0,0,0,0,0,0,0,0,0,0,0,1,0,0,1,9,6,5,8,0,1,0,0,0,0,0,0,0,0,0,0,,0.05886320397257805,-0.04733528941869736,2.833186149597168,0.27766627073287964
109,14,0.0,4.0,False,0,0,0,0,1,0,1,0,0,0,0,0,0,0,0,0,0,0,1,0,0,1,9,6,5,8,0,1,0,0,0,0,0,0,0,0,0,0,,0.0588221475481987,-0.02420569770038128,2.833116292953491,0.2761688232421875
110,1,0.0,4.0,False,0,0,0,0,1,0,1,0,0,0,0,0,0,0,0,0,0,0,1,0,0,1,9,6,5,9,0,1,0,0,0,0,0,0,0,0,0,0,,0.059578943997621536,-0.03794645518064499,2.833134412765503,0.27553313970565796
111,15,0.0,4.0,False,0,0,0,0,1,0,1,0,0,0,0,0,0,0,0,0,0,0,1,0,0,2,9,6,5,9,0,1,0,0,0,0,0,0,0,0,0,0,,0.058458149433135986,-0.04142216593027115,2.833186626434326,0.2742827534675598
112,4,0.0,4.0,False,0,0,0,0,1,0,1,0,0,0,0,0,0,0,0,0,0,0,1,0,0,2,9,6,5,9,0,1,0,0,0,0,0,0,0,0,0,0,,0.059354495257139206,-0.03704492747783661,2.833177328109741,0.3253221809864044
113,8,0.0,4.0,False,0,0,0,0,1,0,1,0,0,0,0,0,0,0,0,0,0,0,1,0,0,2,9,6,5,9,0,1,0,0,0,0,0,0,0,0,0,0,,0.05697591230273247,-0.061570897698402405,2.8330295085906982,0.3091776967048645
114,15,0.0,4.0,False,0,0,0,0,1,0,1,0,0,0,0,0,0,0,0,0,0,0,1,0,0,2,9,6,5,9,0,1,0,0,0,0,0,0,0,0,0,0,,0.05963991582393646,-0.019406424835324287,2.8331427574157715,0.3089302182197571
115,2,0.0,4.0,False,0,0,0,0,1,0,1,0,0,0,0,0,0,0,0,0,0,0,1,0,0,2,9,5,5,9,0,1,0,0,0,0,0,0,0,0,0,0,,0.058015529066324234,-0.026279093697667122,2.833151340484619,0.30791419744491577
116,6,0.0,4.0,False,0,0,0,0,1,0,1,0,0,0,0,0,0,0,0,0,0,0,1,0,0,2,9,5,4,9,0,1,0,0,0,0,0,0,0,0,0,0,,0.05920840799808502,-0.04690142720937729,2.8331830501556396,0.29346615076065063
117,5,0.0,4.0,False,0,0,0,0,1,0,1,0,0,0,0,0,0,0,0,0,0,0,1,0,0,2,9,5,4,9,0,1,0,0,0,0,0,0,0,0,0,0,,0.05906636640429497,-0.024729695171117783,2.83318829536438,0.29331138730049133
118,15,0.0,4.0,False,0,0,0,0,1,0,1,0,0,0,0,0,0,0,0,0,0,0,1,0,0,2,9,5,4,9,0,1,0,0,0,0,0,0,0,0,0,0,,0.05852130800485611,-0.048644959926605225,2.8331546783447266,0.29229897260665894
119,2,0.0,4.0,False,0,0,0,0,1,0,1,0,0,0,0,0,0,0,0,0,0,0,1,0,0,2,9,5,4,9,0,1,0,0,0,0,0,0,0,0,0,0,,0.05935300141572952,-0.03759750723838806,2.8331892490386963,0.2916579246520996
120,0,0.0,4.0,False,0,0,0,0,1,0,1,0,0,0,0,0,0,0,0,0,0,0,1,0,0,2,9,5,4,9,0,1,0,0,0,0,0,0,0,0,0,0,,0.058277931064367294,-0.026653289794921875,2.8331687450408936,0.2799462676048279
121,8,0.0,4.0,False,0,0,0,0,1,0,1,0,0,0,0,0,0,0,0,0,0,0,1,0,0,2,9,5,4,9,0,1,0,0,0,0,0,0,0,0,0,0,,0.05852312967181206,-0.026514295488595963,2.8331801891326904,0.2811737060546875
122,11,0.0,4.0,False,0,0,0,0,1,0,1,0,0,0,0,0,0,0,0,0,0,0,1,0,0,2,9,5,4,9,0,1,0,0,0,0,0,0,0,0,0,0,,0.05914059281349182,-0.030286723747849464,2.833162546157837,0.27851006388664246
123,13,0.0,4.0,False,0,0,0,0,1,0,1,0,0,0,0,0,0,0,0,0,0,0,1,0,0,2,9,5,4,9,0,1,0,0,0,0,0,0,0,0,0,0,,0.05880984663963318,-0.010847263038158417,2.8332014083862305,0.27862173318862915
124,7,0.0,4.0,False,0,0,0,0,1,0,1,0,0,0,0,0,0,0,0,0,0,0,1,0,0,2,9,5,4,9,0,1,0,0,0,0,0,0,0,0,0,0,,0.05920013412833214,-0.025134073570370674,2.833191394805908,0.27793654799461365
125,15,0.0,4.0,False,0,0,0,0,1,0,1,0,0,0,0,0,0,0,0,0,0,0,1,0,0,2,9,5,4,9,0,1,0,0,0,0,0,0,0,0,0,0,,0.05912238731980324,-0.035949304699897766,2.8331756591796875,0.2749289572238922
126,11,0.0,4.0,False,0,0,0,0,1,0,1,0,0,0,0,0,0,0,0,0,0,0,1,0,0,2,9,5,4,9,0,1,0,0,0,0,0,0,0,0,0,0,,0.05970587208867073,-0.02234090305864811,2.8331706523895264,0.27392280101776123
127,15,0.0,4.0,False,0,0,0,0,1,0,1,0,0,0,0,0,0,0,0,0,0,0,1,0,0,2,9,5,4,9,0,1,0,0,0,0,0,0,0,0,0,0,,0.05799459293484688,-0.02833435870707035,2.833160638809204,0.27500468492507935
128,9,0.0,4.0,False,0,0,0,0,1,0,1,0,0,0,0,0,0,0,0,0,0,0,1,0,0,2,9,5,4,9,0,1,0,0,0,0,0,0,0,0,0,0,,0.05917133763432503,-0.021003631874918938,2.8331522941589355,0.2739175856113434
129,14,0.0,4.0,False,0,0,0,0,1,0,1,0,0,0,0,0,0,0,0,0,0,0,1,0,0,2,9,5,4,9,0,1,0,0,0,0,0,0,0,0,0,0,,0.0590355359017849,-0.03871610760688782,2.8331797122955322,0.2727794051170349
130,10,0.0,4.0,False,0,0,0,0,1,0,1,0,0,0,0,0,0,0,0,0,0,0,1,0,0,2,9,5,4,9,0,1,0,0,0,0,0,0,0,0,0,0,,0.05861775577068329,-0.028407594189047813,2.8331704139709473,0.27157071232795715
131,2,0.0,4.0,False,0,0,0,0,1,0,1,0,0,0,0,0,0,0,0,0,0,0,1,0,0,2,9,5,4,9,0,1,0,0,0,0,0,0,0,0,0,0,,0.05922802537679672,-0.022327709943056107,2.8331689834594727,0.27096548676490784
132,0,0.0,4.0,False,0,0,0,0,1,0,1,0,0,0,0,0,0,0,0,0,0,0,1,0,0,2,9,5,4,9,0,1,0,0,0,0,0,0,0,0,0,0,,0.0591694600880146,-0.006119778845459223,2.833188056945801,0.2657005488872528
133,1,0.0,4.0,False,0,0,0,0,1,0,1,0,0,0,0,0,0,0,0,0,0,0,1,0,0,2,9,5,4,9,0,1,0,0,0,0,0,0,0,0,0,0,,0.0591060072183609,-0.04399816691875458,2.8331897258758545,0.26322537660598755
134,4,0.0,4.0,False,0,0,0,0,1,0,1,0,0,0,0,0,0,0,0,0,0,0,1,0,0,2,9,5,4,9,0,1,0,0,0,0,0,0,0,0,0,0,,0.05846729502081871,-0.039013154804706573,2.833153486251831,0.26830774545669556
135,12,0.0,4.0,False,0,0,0,0,1,0,1,0,0,0,0,0,0,0,0,0,0,0,1,0,0,2,9,5,4,9,0,1,0,0,0,0,0,0,0,0,0,0,,0.0586312860250473,0.000750658567994833,2.833186149597168,0.26079779863357544
136,0,0.0,4.0,False,0,0,0,0,1,0,1,0,0,0,0,0,0,0,0,0,0,0,1,0,0,2,9,5,4,9,0,1,0,0,0,0,0,0,0,0,0,0,,0.058989543467760086,-0.03487599641084671,2.833200454711914,0.2613012194633484
137,0,0.0,4.0,False,0,0,0,0,1,0,1,0,0,0,0,0,0,0,0,0,0,0,1,0,0,2,9,5,3,9,0,1,0,0,0,0,0,0,0,0,0,0,,0.05892224237322807,-0.0412856861948967,2.8331751823425293,0.2598002552986145
138,15,0.0,4.0,False,0,0,0,0,1,0,1,0,0,0,0,0,0,0,0,0,0,0,1,0,0,2,9,5,3,9,0,1,0,0,0,0,0,0,0,0,0,0,,0.05924815684556961,-0.03848382830619812,2.8331735134124756,0.25935328006744385
139,9,0.0,4.0,False,0,0,0,0,1,0,1,0,0,0,0,0,0,0,0,0,0,0,1,0,0,2,9,5,3,9,0,1,0,0,0,0,0,0,0,0,0,0,,0.05877959728240967,-0.026083501055836678,2.8331515789031982,0.2585594058036804
140,14,0.0,4.0,False,0,0,0,0,1,0,1,0,0,0,0,0,0,0,0,0,0,0,1,0,0,2,9,5,3,9,0,1,0,0,0,0,0,0,0,0,0,0,,0.05835613235831261,-0.031194886192679405,2.8331708908081055,0.2583051323890686
141,16,0.0,4.0,False,0,0,0,0,1,0,1,0,0,0,0,0,0,0,0,0,0,0,1,0,0,2,9,4,3,8,0,1,0,0,0,0,0,0,0,0,0,0,,0.057853877544403076,-0.05718723684549332,2.833125352859497,0.2571602165699005
142,0,0.0,4.0,False,0,0,0,0,1,0,1,0,0,0,0,0,0,0,0,0,0,0,1,0,0,2,9,4,3,8,0,1,0,0,0,0,0,0,0,0,0,0,,0.05972570925951004,-0.021351143717765808,2.8331873416900635,0.2574003338813782
143,15,0.0,4.0,False,0,0,0,0,1,0,1,0,0,0,0,0,0,0,0,0,0,0,1,0,0,2,9,4,3,8,0,1,0,0,0,0,0,0,0,0,0,0,,0.0596793107688427,-0.05946517735719681,2.8331515789031982,0.25753214955329895
144,1,0.0,4.0,False,0,0,0,0,1,0,1,0,0,0,0,0,0,0,0,0,0,0,1,0,0,2,9,4,3,8,0,1,0,0,0,0,0,0,0,0,0,0,,0.05867711454629898,-0.00902862660586834,2.8331990242004395,0.25631362199783325
145,1,0.0,4.0,False,0,0,0,0,1,0,1,0,0,0,0,0,0,0,0,0,0,0,1,0,0,2,9,4,3,8,0,1,0,0,0,0,0,0,0,0,0,0,,0.05865257978439331,-0.031959690153598785,2.8331551551818848,0.26204609870910645
146,15,0.0,4.0,False,0,0,0,0,1,0,1,0,0,0,0,0,0,0,0,0,0,0,1,0,0,2,9,4,3,8,0,1,0,0,0,0,0,0,0,0,0,0,,0.059140656143426895,-0.03439832478761673,2.833200454711914,0.2701680064201355
147,8,0.0,4.0,False,0,0,0,0,1,0,1,0,0,0,0,0,0,0,0,0,0,0,1,0,0,2,9,4,3,8,0,1,0,0,0,0,0,0,0,0,0,0,,0.0590011291205883,-0.044227831065654755,2.833170175552368,0.26986947655677795
148,5,0.0,4.0,False,0,0,0,0,1,0,1,0,0,0,0,0,0,0,0,0,0,0,1,0,0,2,9,4,3,8,0,1,0,0,0,0,0,0,0,0,0,0,,0.05904829874634743,-0.03493906557559967,2.833169460296631,0.2685539126396179
149,11,0.0,4.0,False,0,0,0,0,1,0,1,0,0,0,0,0,0,0,0,0,0,0,1,0,0,2,9,4,3,8,0,1,0,0,0,0,0,0,0,0,0,0,,0.059819117188453674,-0.01941591687500477,2.8331539630889893,0.2675796151161194
150,10,0.0,4.0,False,0,0,0,0,1,0,1,0,0,0,0,0,0,0,0,0,0,0,1,0,0,2,9,4,3,8,0,1,0,0,0,0,0,0,0,0,0,0,,0.0585431344807148,-0.028588218614459038,2.8331403732299805,0.2670738101005554
151,5,0.0,4.0,False,0,0,0,0,1,0,1,0,0,0,0,0,0,0,0,0,0,0,1,0,0,2,9,4,3,8,0,1,0,0,0,0,0,0,0,0,0,0,,0.059288330376148224,-0.02503136359155178,2.8331620693206787,0.2662413716316223
152,10,0.0,4.0,False,0,0,0,0,1,0,1,0,0,0,0,0,0,0,0,0,0,0,1,0,0,2,9,4,3,8,0,1,0,0,0,0,0,0,0,0,0,0,,0.05992014333605766,-0.018916865810751915,2.8331642150878906,0.2657591700553894
153,7,0.0,4.0,False,0,0,0,0,1,0,1,0,0,0,0,0,0,0,0,0,0,0,1,0,0,2,9,4,3,8,0,1,0,0,0,0,0,0,0,0,0,0,,0.058689650148153305,-0.03790232539176941,2.833146810531616,0.2644358277320862
154,9,0.0,4.0,False,0,0,0,0,1,0,1,0,0,0,0,0,0,0,0,0,0,0,1,0,0,2,9,4,3,8,0,1,0,0,0,0,0,0,0,0,0,0,,0.059170201420784,-0.005517909303307533,2.8331892490386963,0.26344799995422363
155,10,0.0,4.0,False,0,0,0,0,1,0,1,0,0,0,0,0,0,0,0,0,0,0,1,0,0,2,9,4,3,8,0,1,0,0,0,0,0,0,0,0,0,0,,0.05930046737194061,-0.02720513753592968,2.8331737518310547,0.26135629415512085
156,16,-0.2,3.8,False,0,0,0,0,1,0,1,0,0,0,0,0,0,0,0,0,0,0,1,0,0,2,7,4,3,8,0,1,0,0,0,0,0,0,0,0,0,0,,0.05872510373592377,-0.027679624035954475,2.833188772201538,0.2651272416114807
157,13,0.0,3.8,False,0,0,0,0,1,0,1,0,0,0,0,0,0,0,0,0,0,0,1,0,0,2,7,4,3,8,0,1,0,0,0,0,0,0,0,0,0,0,,0.05917177349328995,-0.041612379252910614,2.833171844482422,0.26358562707901
158,12,0.1,3.9,False,0,0,0,0,1,0,1,0,0,0,0,0,0,0,0,0,0,0,1,0,0,2,8,4,2,8,0,1,0,0,0,0,0,0,0,0,0,0,,0.05811762809753418,-0.024366751313209534,2.833191156387329,0.26304322481155396
159,13,0.0,3.9,False,0,0,0,0,1,0,1,0,0,0,0,0,0,0,0,0,0,0,1,0,0,2,8,4,2,8,0,1,0,0,0,0,0,0,0,0,0,0,,0.059009112417697906,-0.04199841618537903,2.833191156387329,0.2631436586380005
160,5,0.0,3.9,False,0,0,0,0,1,0,1,0,0,0,0,0,0,0,0,0,0,0,1,0,0,2,8,4,2,8,0,1,0,0,0,0,0,0,0,0,0,0,,0.058653876185417175,-0.028065364807844162,2.8331456184387207,0.2625276446342468
161,8,0.0,3.9,False,0,0,0,0,1,0,1,0,0,0,0,0,0,0,0,0,0,0,1,0,0,2,8,4,2,8,0,1,0,0,0,0,0,0,0,0,0,0,,0.05911869555711746,-0.04776015877723694,2.8331947326660156,0.2623654305934906
162,11,-0.2,3.6999999999999997,False,0,0,0,0,1,0,1,0,0,0,0,0,0,0,0,0,0,0,1,0,0,2,6,4,2,8,0,1,0,0,0,0,0,0,0,0,0,0,,0.05790620669722557,-0.03021925501525402,2.8331894874572754,0.26195335388183594
163,0,0.0,3.6999999999999997,False,0,0,0,0,1,0,1,0,0,0,0,0,0,0,0,0,0,0,1,0,0,2,6,4,2,8,0,1,0,0,0,0,0,0,0,0,0,0,,0.05873216688632965,-0.050467438995838165,2.833164930343628,0.261825829744339
164,10,0.0,3.6999999999999997,False,0,0,0,0,1,0,1,0,0,0,0,0,0,0,0,0,0,0,1,0,0,2,6,4,2,8,0,1,0,0,0,0,0,0,0,0,0,0,,0.05791936442255974,-0.02619020827114582,2.8331308364868164,0.2614184021949768
165,4,0.0,3.6999999999999997,False,0,0,0,0,1,0,1,0,0,0,0,0,0,0,0,0,0,0,1,0,0,2,6,4,2,8,0,1,0,0,0,0,0,0,0,0,0,0,,0.059041086584329605,-0.03541920334100723,2.8331756591796875,0.26173460483551025
166,12,0.0,3.6999999999999997,False,0,0,0,0,1,0,1,0,0,0,0,0,0,0,0,0,0,0,1,0,0,2,6,4,2,8,0,1,0,0,0,0,0,0,0,0,0,0,,0.059091873466968536,-0.027761558070778847,2.8331868648529053,0.24973969161510468
167,16,0.0,3.6999999999999997,False,0,0,0,0,1,0,1,0,0,0,0,0,0,0,0,0,0,0,1,0,0,2,6,3,2,8,0,1,0,0,0,0,0,0,0,0,0,0,,0.05940039083361626,-0.013520695269107819,2.8331832885742188,0.2490406334400177
168,1,0.0,3.6999999999999997,False,0,0,0,0,1,0,1,0,0,0,0,0,0,0,0,0,0,0,1,0,0,2,6,3,2,8,0,1,0,0,0,0,0,0,0,0,0,0,,0.058974601328372955,-0.020158175379037857,2.8331692218780518,0.25161561369895935
169,2,-0.2,3.4999999999999996,False,0,0,0,0,1,0,1,0,0,0,0,0,0,0,0,0,0,0,1,0,0,2,4,3,2,8,0,1,0,0,0,0,0,0,0,0,0,0,,0.05986640602350235,-0.04723306745290756,2.833153009414673,0.25235748291015625
170,12,0.0,3.4999999999999996,False,0,0,0,0,1,0,1,0,0,0,0,0,0,0,0,0,0,0,1,0,0,2,4,3,2,8,0,1,0,0,0,0,0,0,0,0,0,0,,0.05787169560790062,-0.032044343650341034,2.8331782817840576,0.24945318698883057
171,12,0.0,3.4999999999999996,False,0,0,0,0,1,0,1,0,0,0,0,0,0,0,0,0,0,0,1,0,0,2,4,3,2,8,0,1,0,0,0,0,0,0,0,0,0,0,,0.05923726037144661,-0.021619761362671852,2.833190441131592,0.24932703375816345
172,14,0.0,3.4999999999999996,False,0,0,0,0,1,0,1,0,0,0,0,0,0,0,0,0,0,0,1,0,0,2,4,3,2,7,0,1,0,0,0,0,0,0,0,0,0,0,,0.05919531732797623,-0.032105714082717896,2.8331780433654785,0.25
173,11,0.0,3.4999999999999996,False,0,0,0,0,1,0,1,0,0,0,0,0,0,0,0,0,0,0,1,0,0,2,4,3,2,7,0,1,0,0,0,0,0,0,0,0,0,0,,0.059208113700151443,-0.0075843846425414085,2.8331940174102783,0.24918320775032043
174,15,0.0,3.4999999999999996,False,0,0,0,0,1,0,1,0,0,0,0,0,0,0,0,0,0,0,1,0,0,2,4,3,2,7,0,1,0,0,0,0,0,0,0,0,0,0,,0.058788616210222244,-0.03699352592229843,2.833184003829956,0.25067806243896484
175,7,-0.2,3.2999999999999994,False,0,0,0,0,1,0,1,0,0,0,0,0,0,0,0,0,0,0,1,0,0,2,2,3,2,7,0,1,0,0,0,0,0,0,0,0,0,0,,0.0584297738969326,-0.06013387441635132,2.8331875801086426,0.2515120506286621
176,10,0.0,3.2999999999999994,False,0,0,0,0,1,0,1,0,0,0,0,0,0,0,0,0,0,0,1,0,0,2,2,3,2,7,0,1,0,0,0,0,0,0,0,0,0,0,,0.05934499576687813,-0.014786086976528168,2.8331756591796875,0.251059353351593
177,0,-0.2,3.099999999999999,True,0,0,0,0,1,0,1,0,0,0,0,0,0,0,0,0,0,0,1,0,0,2,0,3,2,7,0,1,0,0,0,0,0,0,0,0,0,0,,0.05880424752831459,-0.042262203991413116,2.8331778049468994,0.2519034743309021
